{"cameraMode":{"drawMode":0,"name":"Shaded","section":"Shading Mode"},"sceneLighting":true,"audioPlay":false,"sceneViewState":{"m_AlwaysRefresh":false,"showFog":true,"showSkybox":true,"showFlares":true,"showImageEffects":true,"showParticleSystems":true,"showVisualEffectGraphs":true,"m_FxEnabled":true},"in2DMode":false,"pivot":{"x":-0.49674007296562197,"y":147.5722198486328,"z":95.28099060058594},"rotation":{"x":-0.10545448213815689,"y":0.8725528120994568,"z":-0.4250698387622833,"w":-0.21654944121837617},"size":0.07678109407424927,"orthographic":false}