{
    "name": "root",
    "gauges": {
        "DriveCar.Policy.Entropy.mean": {
            "value": 1.129164695739746,
            "min": 0.834107518196106,
            "max": 2.1969668865203857,
            "count": 500
        },
        "DriveCar.Policy.Entropy.sum": {
            "value": 11165.1806640625,
            "min": 8247.6552734375,
            "max": 22566.42578125,
            "count": 500
        },
        "DriveCar.Step.mean": {
            "value": 4999936.0,
            "min": 9952.0,
            "max": 4999936.0,
            "count": 500
        },
        "DriveCar.Step.sum": {
            "value": 4999936.0,
            "min": 9952.0,
            "max": 4999936.0,
            "count": 500
        },
        "DriveCar.Policy.ExtrinsicValueEstimate.mean": {
            "value": -0.036431726068258286,
            "min": -0.26663050055503845,
            "max": -0.011548485606908798,
            "count": 500
        },
        "DriveCar.Policy.ExtrinsicValueEstimate.sum": {
            "value": -5.719780921936035,
            "min": -42.127620697021484,
            "max": -1.8131122589111328,
            "count": 500
        },
        "DriveCar.Policy.GailValueEstimate.mean": {
            "value": 0.9629170894622803,
            "min": -0.10717340558767319,
            "max": 13.867459297180176,
            "count": 500
        },
        "DriveCar.Policy.GailValueEstimate.sum": {
            "value": 151.177978515625,
            "min": -17.040571212768555,
            "max": 2217.89306640625,
            "count": 500
        },
        "DriveCar.Environment.EpisodeLength.mean": {
            "value": 1199.0,
            "min": 1199.0,
            "max": 1199.0,
            "count": 500
        },
        "DriveCar.Environment.EpisodeLength.sum": {
            "value": 7194.0,
            "min": 7194.0,
            "max": 14388.0,
            "count": 500
        },
        "DriveCar.Environment.CumulativeReward.mean": {
            "value": -0.9500000973542532,
            "min": -68.91667254765828,
            "max": 0.8333333333333334,
            "count": 500
        },
        "DriveCar.Environment.CumulativeReward.sum": {
            "value": -5.700000584125519,
            "min": -640.3000540733337,
            "max": 5.0,
            "count": 500
        },
        "DriveCar.Policy.ExtrinsicReward.mean": {
            "value": -0.0950000025331974,
            "min": -6.891667152444522,
            "max": 0.08333333457509677,
            "count": 500
        },
        "DriveCar.Policy.ExtrinsicReward.sum": {
            "value": -0.5700000151991844,
            "min": -64.03000441938639,
            "max": 0.5000000074505806,
            "count": 500
        },
        "DriveCar.Policy.GailReward.mean": {
            "value": 0.024642148010874127,
            "min": 0.006480755425097111,
            "max": 831.8249611854553,
            "count": 500
        },
        "DriveCar.Policy.GailReward.sum": {
            "value": 0.14785288806524477,
            "min": 0.03888453255058266,
            "max": 9981.899534225464,
            "count": 500
        },
        "DriveCar.IsTraining.mean": {
            "value": 1.0,
            "min": 1.0,
            "max": 1.0,
            "count": 500
        },
        "DriveCar.IsTraining.sum": {
            "value": 1.0,
            "min": 1.0,
            "max": 1.0,
            "count": 500
        },
        "DriveCar.Losses.PolicyLoss.mean": {
            "value": 0.03548284248526518,
            "min": 0.03412900751369307,
            "max": 0.03627451448400582,
            "count": 12
        },
        "DriveCar.Losses.PolicyLoss.sum": {
            "value": 0.03548284248526518,
            "min": 0.03412900751369307,
            "max": 0.03627451448400582,
            "count": 12
        },
        "DriveCar.Losses.ValueLoss.mean": {
            "value": 0.010657537215156481,
            "min": 0.010657537215156481,
            "max": 26.291383289496103,
            "count": 12
        },
        "DriveCar.Losses.ValueLoss.sum": {
            "value": 0.010657537215156481,
            "min": 0.010657537215156481,
            "max": 26.291383289496103,
            "count": 12
        },
        "DriveCar.Policy.LearningRate.mean": {
            "value": 5.053538315519998e-06,
            "min": 5.053538315519998e-06,
            "max": 0.00027541632819455997,
            "count": 12
        },
        "DriveCar.Policy.LearningRate.sum": {
            "value": 5.053538315519998e-06,
            "min": 5.053538315519998e-06,
            "max": 0.00027541632819455997,
            "count": 12
        },
        "DriveCar.Policy.Epsilon.mean": {
            "value": 0.10168448,
            "min": 0.10168448,
            "max": 0.19180544000000002,
            "count": 12
        },
        "DriveCar.Policy.Epsilon.sum": {
            "value": 0.10168448,
            "min": 0.10168448,
            "max": 0.19180544000000002,
            "count": 12
        },
        "DriveCar.Policy.Beta.mean": {
            "value": 0.0005000000000000001,
            "min": 0.0005000000000000001,
            "max": 0.0005000000000000001,
            "count": 12
        },
        "DriveCar.Policy.Beta.sum": {
            "value": 0.0005000000000000001,
            "min": 0.0005000000000000001,
            "max": 0.0005000000000000001,
            "count": 12
        },
        "DriveCar.Policy.GAILPolicyEstimate.mean": {
            "value": 4.241927084999967e-05,
            "min": 4.241927084999967e-05,
            "max": 0.03895585191455515,
            "count": 12
        },
        "DriveCar.Policy.GAILPolicyEstimate.sum": {
            "value": 4.241927084999967e-05,
            "min": 4.241927084999967e-05,
            "max": 0.03895585191455515,
            "count": 12
        },
        "DriveCar.Policy.GAILExpertEstimate.mean": {
            "value": 0.9999804451068243,
            "min": 0.9489122305313746,
            "max": 0.9999804451068243,
            "count": 12
        },
        "DriveCar.Policy.GAILExpertEstimate.sum": {
            "value": 0.9999804451068243,
            "min": 0.9489122305313746,
            "max": 0.9999804451068243,
            "count": 12
        },
        "DriveCar.Losses.GAILLoss.mean": {
            "value": 6.182362412270474e-05,
            "min": 6.182362412270474e-05,
            "max": 0.1074982368851973,
            "count": 12
        },
        "DriveCar.Losses.GAILLoss.sum": {
            "value": 6.182362412270474e-05,
            "min": 6.182362412270474e-05,
            "max": 0.1074982368851973,
            "count": 12
        },
        "DriveCar.Policy.GAILGradMagLoss.mean": {
            "value": 0.00028512371761583684,
            "min": 0.00028512371761583684,
            "max": 0.31844603410485434,
            "count": 12
        },
        "DriveCar.Policy.GAILGradMagLoss.sum": {
            "value": 0.00028512371761583684,
            "min": 0.00028512371761583684,
            "max": 0.31844603410485434,
            "count": 12
        },
        "DriveCar.Losses.PretrainingLoss.mean": {
            "value": 0.41637506763550014,
            "min": 0.41637506763550014,
            "max": 0.6200730557908717,
            "count": 12
        },
        "DriveCar.Losses.PretrainingLoss.sum": {
            "value": 0.41637506763550014,
            "min": 0.41637506763550014,
            "max": 0.6200730557908717,
            "count": 12
        }
    },
    "metadata": {
        "timer_format_version": "0.1.0",
        "start_time_seconds": "1730434090",
        "python_version": "3.10.11 (tags/v3.10.11:7d4cc5a, Apr  5 2023, 00:38:17) [MSC v.1929 64 bit (AMD64)]",
        "command_line_arguments": "C:\\Users\\PC\\Documents\\UNI\\Session 2 2024\\COMP3180\\Project\\final-project-FaizanEMuhammad\\Project\\Machine Learning\\venv\\Scripts\\mlagents-learn Config/ImitateDriving.yaml --run-id=ImitationLearningagain",