{
    "name": "root",
    "gauges": {
        "DriveCar.Policy.Entropy.mean": {
            "value": 0.21223755180835724,
            "min": 0.06883525103330612,
            "max": 0.5199487805366516,
            "count": 500
        },
        "DriveCar.Policy.Entropy.sum": {
            "value": 2164.822998046875,
            "min": 675.6868286132812,
            "max": 5103.8173828125,
            "count": 500
        },
        "DriveCar.Step.mean": {
            "value": 4999984.0,
            "min": 9984.0,
            "max": 4999984.0,
            "count": 500
        },
        "DriveCar.Step.sum": {
            "value": 4999984.0,
            "min": 9984.0,
            "max": 4999984.0,
            "count": 500
        },
        "DriveCar.Policy.ExtrinsicValueEstimate.mean": {
            "value": -0.10996567457914352,
            "min": -0.39336642622947693,
            "max": 0.02884896844625473,
            "count": 500
        },
        "DriveCar.Policy.ExtrinsicValueEstimate.sum": {
            "value": -17.484542846679688,
            "min": -62.54526138305664,
            "max": 4.586986064910889,
            "count": 500
        },
        "DriveCar.Policy.GailValueEstimate.mean": {
            "value": 0.00016049930127337575,
            "min": -0.0003699801454786211,
            "max": 0.00046439209836535156,
            "count": 500
        },
        "DriveCar.Policy.GailValueEstimate.sum": {
            "value": 0.025519387796521187,
            "min": -0.05882684513926506,
            "max": 0.07383834570646286,
            "count": 500
        },
        "DriveCar.Environment.EpisodeLength.mean": {
            "value": 1699.0,
            "min": 1699.0,
            "max": 1699.0,
            "count": 490
        },
        "DriveCar.Environment.EpisodeLength.sum": {
            "value": 10194.0,
            "min": 10194.0,
            "max": 10194.0,
            "count": 490
        },
        "DriveCar.IsTraining.mean": {
            "value": 1.0,
            "min": 1.0,
            "max": 1.0,
            "count": 500
        },
        "DriveCar.IsTraining.sum": {
            "value": 1.0,
            "min": 1.0,
            "max": 1.0,
            "count": 500
        },
        "DriveCar.Environment.CumulativeReward.mean": {
            "value": -23.183335433403652,
            "min": -85.33334064483643,
            "max": 2.949999913573265,
            "count": 499
        },
        "DriveCar.Environment.CumulativeReward.sum": {
            "value": -139.1000126004219,
            "min": -512.0000438690186,
            "max": 17.69999948143959,
            "count": 499
        },
        "DriveCar.Policy.ExtrinsicReward.mean": {
            "value": -2.318333505342404,
            "min": -8.533333924909433,
            "max": 0.2949999999254942,
            "count": 499
        },
        "DriveCar.Policy.ExtrinsicReward.sum": {
            "value": -13.910001032054424,
            "min": -51.200003549456596,
            "max": 1.7699999995529652,
            "count": 499
        },
        "DriveCar.Policy.GailReward.mean": {
            "value": 0.00013506427370894394,
            "min": 4.470348358154297e-06,
            "max": 0.19850616157390277,
            "count": 499
        },
        "DriveCar.Policy.GailReward.sum": {
            "value": 0.0008103856422536637,
            "min": 4.470348358154297e-06,
            "max": 1.1910369694434166,
            "count": 499
        },
        "DriveCar.Losses.PolicyLoss.mean": {
            "value": 0.029737161434002096,
            "min": 0.028102812715810752,
            "max": 0.029951762148226837,
            "count": 12
        },
        "DriveCar.Losses.PolicyLoss.sum": {
            "value": 0.029737161434002096,
            "min": 0.028102812715810752,
            "max": 0.029951762148226837,
            "count": 12
        },
        "DriveCar.Losses.ValueLoss.mean": {
            "value": 0.000946258958742888,
            "min": 0.0008620015599275925,
            "max": 0.0013289189764389942,
            "count": 12
        },
        "DriveCar.Losses.ValueLoss.sum": {
            "value": 0.000946258958742888,
            "min": 0.0008620015599275925,
            "max": 0.0013289189764389942,
            "count": 12
        },
        "DriveCar.Policy.LearningRate.mean": {
            "value": 4.877858374080007e-06,
            "min": 4.877858374080007e-06,
            "max": 0.0002754048081984,
            "count": 12
        },
        "DriveCar.Policy.LearningRate.sum": {
            "value": 4.877858374080007e-06,
            "min": 4.877858374080007e-06,
            "max": 0.0002754048081984,
            "count": 12
        },
        "DriveCar.Policy.Epsilon.mean": {
            "value": 0.10162592000000004,
            "min": 0.10162592000000004,
            "max": 0.19180160000000004,
            "count": 12
        },
        "DriveCar.Policy.Epsilon.sum": {
            "value": 0.10162592000000004,
            "min": 0.10162592000000004,
            "max": 0.19180160000000004,
            "count": 12
        },
        "DriveCar.Policy.Beta.mean": {
            "value": 0.0005000000000000002,
            "min": 0.0005000000000000002,
            "max": 0.0005000000000000002,
            "count": 12
        },
        "DriveCar.Policy.Beta.sum": {
            "value": 0.0005000000000000002,
            "min": 0.0005000000000000002,
            "max": 0.0005000000000000002,
            "count": 12
        },
        "DriveCar.Policy.GAILPolicyEstimate.mean": {
            "value": 3.4412891649350345e-07,
            "min": 1.9694349393832767e-07,
            "max": 9.92294282171545e-07,
            "count": 12
        },
        "DriveCar.Policy.GAILPolicyEstimate.sum": {
            "value": 3.4412891649350345e-07,
            "min": 1.9694349393832767e-07,
            "max": 9.92294282171545e-07,
            "count": 12
        },
        "DriveCar.Policy.GAILExpertEstimate.mean": {
            "value": 0.9999999966824181,
            "min": 0.9999994077930009,
            "max": 0.9999999966824181,
            "count": 12
        },
        "DriveCar.Policy.GAILExpertEstimate.sum": {
            "value": 0.9999999966824181,
            "min": 0.9999994077930009,
            "max": 0.9999999966824181,
            "count": 12
        },
        "DriveCar.Losses.GAILLoss.mean": {
            "value": 1.7535582500170584e-07,
            "min": 2.7397875183751693e-08,
            "max": 7.925994175297158e-07,
            "count": 12
        },
        "DriveCar.Losses.GAILLoss.sum": {
            "value": 1.7535582500170584e-07,
            "min": 2.7397875183751693e-08,
            "max": 7.925994175297158e-07,
            "count": 12
        },
        "DriveCar.Policy.GAILGradMagLoss.mean": {
            "value": 6.8637361126865725e-06,
            "min": 6.238903028360738e-06,
            "max": 1.7142957872317817e-05,
            "count": 12
        },
        "DriveCar.Policy.GAILGradMagLoss.sum": {
            "value": 6.8637361126865725e-06,
            "min": 6.238903028360738e-06,
            "max": 1.7142957872317817e-05,
            "count": 12
        },
        "DriveCar.Losses.PretrainingLoss.mean": {
            "value": 0.3407229131613022,
            "min": 0.3407229131613022,
            "max": 0.34436223675043154,
            "count": 12
        },
        "DriveCar.Losses.PretrainingLoss.sum": {
            "value": 0.3407229131613022,
            "min": 0.3407229131613022,
            "max": 0.34436223675043154,
            "count": 12
        }
    },
    "metadata": {
        "timer_format_version": "0.1.0",
        "start_time_seconds": "1730617574",
        "python_version": "3.10.11 (tags/v3.10.11:7d4cc5a, Apr  5 2023, 00:38:17) [MSC v.1929 64 bit (AMD64)]",