{
    "name": "root",
    "gauges": {
        "DriveCar.Policy.Entropy.mean": {
            "value": 0.042345643043518066,
            "min": 0.0007754331454634666,
            "max": 0.15703314542770386,
            "count": 500
        },
        "DriveCar.Policy.Entropy.sum": {
            "value": 418.7137145996094,
            "min": 7.667482852935791,
            "max": 1597.9693603515625,
            "count": 500
        },
        "DriveCar.Step.mean": {
            "value": 4999936.0,
            "min": 9952.0,
            "max": 4999936.0,
            "count": 500
        },
        "DriveCar.Step.sum": {
            "value": 4999936.0,
            "min": 9952.0,
            "max": 4999936.0,
            "count": 500
        },
        "DriveCar.Policy.ExtrinsicValueEstimate.mean": {
            "value": -0.18124404549598694,
            "min": -0.4481610357761383,
            "max": -0.0647151917219162,
            "count": 500
        },
        "DriveCar.Policy.ExtrinsicValueEstimate.sum": {
            "value": -28.45531463623047,
            "min": -71.70576477050781,
            "max": -10.35443115234375,
            "count": 500
        },
        "DriveCar.Policy.GailValueEstimate.mean": {
            "value": 0.00012545811478048563,
            "min": -0.00014306252705864608,
            "max": 0.00029797074967063963,
            "count": 500
        },
        "DriveCar.Policy.GailValueEstimate.sum": {
            "value": 0.019696922972798347,
            "min": -0.022746942937374115,
            "max": 0.04707937687635422,
            "count": 500
        },
        "DriveCar.Environment.EpisodeLength.mean": {
            "value": 1199.0,
            "min": 1199.0,
            "max": 1199.0,
            "count": 500
        },
        "DriveCar.Environment.EpisodeLength.sum": {
            "value": 7194.0,
            "min": 7194.0,
            "max": 14388.0,
            "count": 500
        },
        "DriveCar.Environment.CumulativeReward.mean": {
            "value": -19.666668166716892,
            "min": -84.28334047396977,
            "max": 0.24999998013178507,
            "count": 500
        },
        "DriveCar.Environment.CumulativeReward.sum": {
            "value": -118.00000900030136,
            "min": -733.000059761107,
            "max": 1.4999998807907104,
            "count": 500
        },
        "DriveCar.Policy.ExtrinsicReward.mean": {
            "value": -1.966666794071595,
            "min": -8.42833391452829,
            "max": 0.02499999850988388,
            "count": 500
        },
        "DriveCar.Policy.ExtrinsicReward.sum": {
            "value": -11.80000076442957,
            "min": -73.300004969351,
            "max": 0.14999999105930328,
            "count": 500
        },
        "DriveCar.Policy.GailReward.mean": {
            "value": 0.00020861649733205923,
            "min": 1.4930966694729856e-05,
            "max": 0.018835391874115242,
            "count": 500
        },
        "DriveCar.Policy.GailReward.sum": {
            "value": 0.0012516989839923554,
            "min": 8.958580016837914e-05,
            "max": 0.13253730030083943,
            "count": 500
        },
        "DriveCar.IsTraining.mean": {
            "value": 1.0,
            "min": 1.0,
            "max": 1.0,
            "count": 500
        },
        "DriveCar.IsTraining.sum": {
            "value": 1.0,
            "min": 1.0,
            "max": 1.0,
            "count": 500
        },
        "DriveCar.Losses.PolicyLoss.mean": {
            "value": 0.03513801170697358,
            "min": 0.03440637904025304,
            "max": 0.036276171112646506,
            "count": 12
        },
        "DriveCar.Losses.PolicyLoss.sum": {
            "value": 0.03513801170697358,
            "min": 0.03440637904025304,
            "max": 0.036276171112646506,
            "count": 12
        },
        "DriveCar.Losses.ValueLoss.mean": {
            "value": 0.0026936225764802656,
            "min": 0.0025377141125015137,
            "max": 0.003111970653408207,
            "count": 12
        },
        "DriveCar.Losses.ValueLoss.sum": {
            "value": 0.0026936225764802656,
            "min": 0.0025377141125015137,
            "max": 0.003111970653408207,
            "count": 12
        },
        "DriveCar.Policy.LearningRate.mean": {
            "value": 5.053538315519998e-06,
            "min": 5.053538315519998e-06,
            "max": 0.00027541632819455997,
            "count": 12
        },
        "DriveCar.Policy.LearningRate.sum": {
            "value": 5.053538315519998e-06,
            "min": 5.053538315519998e-06,
            "max": 0.00027541632819455997,
            "count": 12
        },
        "DriveCar.Policy.Epsilon.mean": {
            "value": 0.10168448,
            "min": 0.10168448,
            "max": 0.19180544000000002,
            "count": 12
        },
        "DriveCar.Policy.Epsilon.sum": {
            "value": 0.10168448,
            "min": 0.10168448,
            "max": 0.19180544000000002,
            "count": 12
        },
        "DriveCar.Policy.Beta.mean": {
            "value": 0.0005000000000000001,
            "min": 0.0005000000000000001,
            "max": 0.0005000000000000001,
            "count": 12
        },
        "DriveCar.Policy.Beta.sum": {
            "value": 0.0005000000000000001,
            "min": 0.0005000000000000001,
            "max": 0.0005000000000000001,
            "count": 12
        },
        "DriveCar.Policy.GAILPolicyEstimate.mean": {
            "value": 1.105225485852716e-06,
            "min": 3.2254298528267e-07,
            "max": 4.507916602987846e-06,
            "count": 12
        },
        "DriveCar.Policy.GAILPolicyEstimate.sum": {
            "value": 1.105225485852716e-06,
            "min": 3.2254298528267e-07,
            "max": 4.507916602987846e-06,
            "count": 12
        },
        "DriveCar.Policy.GAILExpertEstimate.mean": {
            "value": 0.9999996453275283,
            "min": 0.999999560986956,
            "max": 0.9999999637156725,
            "count": 12
        },
        "DriveCar.Policy.GAILExpertEstimate.sum": {
            "value": 0.9999996453275283,
            "min": 0.999999560986956,
            "max": 0.9999999637156725,
            "count": 12
        },
        "DriveCar.Losses.GAILLoss.mean": {
            "value": 1.2566920047640817e-06,
            "min": 1.9109767856406722e-07,
            "max": 4.456954916268001e-06,
            "count": 12
        },
        "DriveCar.Losses.GAILLoss.sum": {
            "value": 1.2566920047640817e-06,
            "min": 1.9109767856406722e-07,
            "max": 4.456954916268001e-06,
            "count": 12
        },
        "DriveCar.Policy.GAILGradMagLoss.mean": {
            "value": 1.040998463035218e-05,
            "min": 7.474806750641013e-06,
            "max": 1.7627023903799e-05,
            "count": 12
        },
        "DriveCar.Policy.GAILGradMagLoss.sum": {
            "value": 1.040998463035218e-05,
            "min": 7.474806750641013e-06,
            "max": 1.7627023903799e-05,
            "count": 12
        },
        "DriveCar.Losses.PretrainingLoss.mean": {
            "value": 0.05523356532876434,
            "min": 0.05523356532876434,
            "max": 0.06035225528622001,
            "count": 12
        },
        "DriveCar.Losses.PretrainingLoss.sum": {
            "value": 0.05523356532876434,
            "min": 0.05523356532876434,
            "max": 0.06035225528622001,
            "count": 12
        }
    },
    "metadata": {
        "timer_format_version": "0.1.0",
        "start_time_seconds": "1730421577",
        "python_version": "3.10.11 (tags/v3.10.11:7d4cc5a, Apr  5 2023, 00:38:17) [MSC v.1929 64 bit (AMD64)]",