{
    "name": "root",
    "gauges": {
        "DriveCar.Policy.Entropy.mean": {
            "value": 0.17169331014156342,
            "min": 0.12969431281089783,
            "max": 1.24549400806427,
            "count": 3124
        },
        "DriveCar.Policy.Entropy.sum": {
            "value": 1747.151123046875,
            "min": 1269.9666748046875,
            "max": 12674.1474609375,
            "count": 3124
        },
        "DriveCar.Step.mean": {
            "value": 31239962.0,
            "min": 9984.0,
            "max": 31239962.0,
            "count": 3124
        },
        "DriveCar.Step.sum": {
            "value": 31239962.0,
            "min": 9984.0,
            "max": 31239962.0,
            "count": 3124
        },
        "DriveCar.Policy.ExtrinsicValueEstimate.mean": {
            "value": -0.08731120824813843,
            "min": -0.4163821339607239,
            "max": 0.0046123177744448185,
            "count": 3124
        },
        "DriveCar.Policy.ExtrinsicValueEstimate.sum": {
            "value": -13.882482528686523,
            "min": -65.78837585449219,
            "max": 0.7287461757659912,
            "count": 3124
        },
        "DriveCar.Policy.GailValueEstimate.mean": {
            "value": 6.7739631049335e-05,
            "min": -0.0009031204390339553,
            "max": 0.9840500950813293,
            "count": 3124
        },
        "DriveCar.Policy.GailValueEstimate.sum": {
            "value": 0.010770601220428944,
            "min": -0.14178991317749023,
            "max": 155.87002563476562,
            "count": 3124
        },
        "DriveCar.Environment.EpisodeLength.mean": {
            "value": 1199.0,
            "min": 1198.0,
            "max": 1599.0,
            "count": 3124
        },
        "DriveCar.Environment.EpisodeLength.sum": {
            "value": 14388.0,
            "min": 7188.0,
            "max": 14388.0,
            "count": 3124
        },
        "DriveCar.Environment.CumulativeReward.mean": {
            "value": -11.283334329724312,
            "min": -73.90000624457996,
            "max": 2.633333327869574,
            "count": 3124
        },
        "DriveCar.Environment.CumulativeReward.sum": {
            "value": -135.40001195669174,
            "min": -544.0000427365303,
            "max": 15.799999967217445,
            "count": 3124
        },
        "DriveCar.Policy.ExtrinsicReward.mean": {
            "value": -1.128333404660225,
            "min": -7.3900005128234625,
            "max": 0.2633333370710413,
            "count": 3124
        },
        "DriveCar.Policy.ExtrinsicReward.sum": {
            "value": -13.540000855922699,
            "min": -54.40000353008509,
            "max": 1.5800000224262476,
            "count": 3124
        },
        "DriveCar.Policy.GailReward.mean": {
            "value": 0.0008687268253855981,
            "min": 1.1410032730704448e-06,
            "max": 1.169621648996478,
            "count": 3124
        },
        "DriveCar.Policy.GailReward.sum": {
            "value": 0.010424721904627177,
            "min": 7.987022911493113e-06,
            "max": 14.035459787957734,
            "count": 3124
        },
        "DriveCar.IsTraining.mean": {
            "value": 1.0,
            "min": 1.0,
            "max": 1.0,
            "count": 3124
        },
        "DriveCar.IsTraining.sum": {
            "value": 1.0,
            "min": 1.0,
            "max": 1.0,
            "count": 3124
        },
        "DriveCar.Losses.PolicyLoss.mean": {
            "value": 0.03546073802611015,
            "min": 0.03367565279389964,
            "max": 0.03728089572958804,
            "count": 76
        },
        "DriveCar.Losses.PolicyLoss.sum": {
            "value": 0.03546073802611015,
            "min": 0.03367565279389964,
            "max": 0.03728089572958804,
            "count": 76
        },
        "DriveCar.Losses.ValueLoss.mean": {
            "value": 0.001101327969833316,
            "min": 0.0007428227421284343,
            "max": 0.006651214467710815,
            "count": 76
        },
        "DriveCar.Losses.ValueLoss.sum": {
            "value": 0.001101327969833316,
            "min": 0.0007428227421284343,
            "max": 0.006651214467710815,
            "count": 76
        },
        "DriveCar.Policy.LearningRate.mean": {
            "value": 0.000113202146265972,
            "min": 0.000113202146265972,
            "max": 0.00029754109281963595,
            "count": 76
        },
        "DriveCar.Policy.LearningRate.sum": {
            "value": 0.000113202146265972,
            "min": 0.000113202146265972,
            "max": 0.00029754109281963595,
            "count": 76
        },
        "DriveCar.Policy.Epsilon.mean": {
            "value": 0.13773402800000004,
            "min": 0.13773402800000004,
            "max": 0.19918036400000003,
            "count": 76
        },
        "DriveCar.Policy.Epsilon.sum": {
            "value": 0.13773402800000004,
            "min": 0.13773402800000004,
            "max": 0.19918036400000003,
            "count": 76
        },
        "DriveCar.Policy.Beta.mean": {
            "value": 0.0005000000000000001,
            "min": 0.0005000000000000001,
            "max": 0.0005000000000000001,
            "count": 76
        },
        "DriveCar.Policy.Beta.sum": {
            "value": 0.0005000000000000001,
            "min": 0.0005000000000000001,
            "max": 0.0005000000000000001,
            "count": 76
        },
        "DriveCar.Policy.GAILPolicyEstimate.mean": {
            "value": 7.214316691706024e-07,
            "min": 6.340074128410866e-07,
            "max": 3.171247378560338e-05,
            "count": 76
        },
        "DriveCar.Policy.GAILPolicyEstimate.sum": {
            "value": 7.214316691706024e-07,
            "min": 6.340074128410866e-07,
            "max": 3.171247378560338e-05,
            "count": 76
        },
        "DriveCar.Policy.GAILExpertEstimate.mean": {
            "value": 0.9999997331450383,
            "min": 0.999986489812533,
            "max": 0.9999997331450383,
            "count": 76
        },
        "DriveCar.Policy.GAILExpertEstimate.sum": {
            "value": 0.9999997331450383,
            "min": 0.999986489812533,
            "max": 0.9999997331450383,
            "count": 76
        },
        "DriveCar.Losses.GAILLoss.mean": {
            "value": 7.685840678001154e-07,
            "min": 7.685840678001154e-07,
            "max": 4.502961372168102e-05,
            "count": 76
        },
        "DriveCar.Losses.GAILLoss.sum": {
            "value": 7.685840678001154e-07,
            "min": 7.685840678001154e-07,
            "max": 4.502961372168102e-05,
            "count": 76
        },
        "DriveCar.Policy.GAILGradMagLoss.mean": {
            "value": 1.604435648857816e-05,
            "min": 1.604435648857816e-05,
            "max": 0.00025138641169481467,
            "count": 76
        },
        "DriveCar.Policy.GAILGradMagLoss.sum": {
            "value": 1.604435648857816e-05,
            "min": 1.604435648857816e-05,
            "max": 0.00025138641169481467,
            "count": 76
        },
        "DriveCar.Losses.PretrainingLoss.mean": {
            "value": 0.3619925500601018,
            "min": 0.3619925500601018,
            "max": 0.41496128314958813,
            "count": 76
        },
        "DriveCar.Losses.PretrainingLoss.sum": {
            "value": 0.3619925500601018,
            "min": 0.3619925500601018,
            "max": 0.41496128314958813,
            "count": 76
        }
    },
    "metadata": {
        "timer_format_version": "0.1.0",
        "start_time_seconds": "1730442802",
        "python_version": "3.10.11 (tags/v3.10.11:7d4cc5a, Apr  5 2023, 00:38:17) [MSC v.1929 64 bit (AMD64)]",