{
    "name": "root",
    "gauges": {
        "DriveCar.Policy.Entropy.mean": {
            "value": 0.15630437433719635,
            "min": 0.0797186940908432,
            "max": 0.4753901958465576,
            "count": 500
        },
        "DriveCar.Policy.Entropy.sum": {
            "value": 1594.3046875,
            "min": 813.1306762695312,
            "max": 4848.97998046875,
            "count": 500
        },
        "DriveCar.Step.mean": {
            "value": 4999984.0,
            "min": 9984.0,
            "max": 4999984.0,
            "count": 500
        },
        "DriveCar.Step.sum": {
            "value": 4999984.0,
            "min": 9984.0,
            "max": 4999984.0,
            "count": 500
        },
        "DriveCar.Policy.ExtrinsicValueEstimate.mean": {
            "value": -0.4728435277938843,
            "min": -0.4728435277938843,
            "max": 0.008747941814363003,
            "count": 500
        },
        "DriveCar.Policy.ExtrinsicValueEstimate.sum": {
            "value": -75.18212127685547,
            "min": -75.18212127685547,
            "max": 1.373426914215088,
            "count": 500
        },
        "DriveCar.Policy.GailValueEstimate.mean": {
            "value": -1.455244273529388e-06,
            "min": -0.0003659376234281808,
            "max": 0.0006865962059237063,
            "count": 500
        },
        "DriveCar.Policy.GailValueEstimate.sum": {
            "value": -0.00023138383403420448,
            "min": -0.05818407982587814,
            "max": 0.10916879773139954,
            "count": 500
        },
        "DriveCar.Environment.EpisodeLength.mean": {
            "value": 1699.0,
            "min": 1699.0,
            "max": 1699.0,
            "count": 490
        },
        "DriveCar.Environment.EpisodeLength.sum": {
            "value": 10194.0,
            "min": 10194.0,
            "max": 10194.0,
            "count": 490
        },
        "DriveCar.IsTraining.mean": {
            "value": 1.0,
            "min": 1.0,
            "max": 1.0,
            "count": 500
        },
        "DriveCar.IsTraining.sum": {
            "value": 1.0,
            "min": 1.0,
            "max": 1.0,
            "count": 500
        },
        "DriveCar.Environment.CumulativeReward.mean": {
            "value": -60.3833387196064,
            "min": -82.06667353709538,
            "max": 3.1499999910593033,
            "count": 499
        },
        "DriveCar.Environment.CumulativeReward.sum": {
            "value": -362.3000323176384,
            "min": -492.4000412225723,
            "max": 18.89999994635582,
            "count": 499
        },
        "DriveCar.Policy.ExtrinsicReward.mean": {
            "value": -6.038333761195342,
            "min": -8.206667235742012,
            "max": 0.3150000038246314,
            "count": 499
        },
        "DriveCar.Policy.ExtrinsicReward.sum": {
            "value": -36.23000256717205,
            "min": -49.240003414452076,
            "max": 1.8900000229477882,
            "count": 499
        },
        "DriveCar.Policy.GailReward.mean": {
            "value": 0.0009587168940091336,
            "min": 8.285046760647674e-06,
            "max": 0.0067966845290214906,
            "count": 499
        },
        "DriveCar.Policy.GailReward.sum": {
            "value": 0.0057523013640548015,
            "min": 8.285046760647674e-06,
            "max": 0.04078010717412894,
            "count": 499
        },
        "DriveCar.Losses.PolicyLoss.mean": {
            "value": 0.028544215421817416,
            "min": 0.027603279134670696,
            "max": 0.03014636709533862,
            "count": 12
        },
        "DriveCar.Losses.PolicyLoss.sum": {
            "value": 0.028544215421817416,
            "min": 0.027603279134670696,
            "max": 0.03014636709533862,
            "count": 12
        },
        "DriveCar.Losses.ValueLoss.mean": {
            "value": 0.001112009201792469,
            "min": 0.0009366367205377817,
            "max": 0.0014550674622534792,
            "count": 12
        },
        "DriveCar.Losses.ValueLoss.sum": {
            "value": 0.001112009201792469,
            "min": 0.0009366367205377817,
            "max": 0.0014550674622534792,
            "count": 12
        },
        "DriveCar.Policy.LearningRate.mean": {
            "value": 4.877858374080007e-06,
            "min": 4.877858374080007e-06,
            "max": 0.0002754048081984,
            "count": 12
        },
        "DriveCar.Policy.LearningRate.sum": {
            "value": 4.877858374080007e-06,
            "min": 4.877858374080007e-06,
            "max": 0.0002754048081984,
            "count": 12
        },
        "DriveCar.Policy.Epsilon.mean": {
            "value": 0.10162592000000004,
            "min": 0.10162592000000004,
            "max": 0.19180160000000004,
            "count": 12
        },
        "DriveCar.Policy.Epsilon.sum": {
            "value": 0.10162592000000004,
            "min": 0.10162592000000004,
            "max": 0.19180160000000004,
            "count": 12
        },
        "DriveCar.Policy.Beta.mean": {
            "value": 0.0005000000000000002,
            "min": 0.0005000000000000002,
            "max": 0.0005000000000000002,
            "count": 12
        },
        "DriveCar.Policy.Beta.sum": {
            "value": 0.0005000000000000002,
            "min": 0.0005000000000000002,
            "max": 0.0005000000000000002,
            "count": 12
        },
        "DriveCar.Policy.GAILPolicyEstimate.mean": {
            "value": 3.975799504758477e-07,
            "min": 1.3165648322555005e-07,
            "max": 8.354127857396972e-07,
            "count": 12
        },
        "DriveCar.Policy.GAILPolicyEstimate.sum": {
            "value": 3.975799504758477e-07,
            "min": 1.3165648322555005e-07,
            "max": 8.354127857396972e-07,
            "count": 12
        },
        "DriveCar.Policy.GAILExpertEstimate.mean": {
            "value": 0.9999998858229975,
            "min": 0.9999997497648653,
            "max": 0.9999999929547981,
            "count": 12
        },
        "DriveCar.Policy.GAILExpertEstimate.sum": {
            "value": 0.9999998858229975,
            "min": 0.9999997497648653,
            "max": 0.9999999929547981,
            "count": 12
        },
        "DriveCar.Losses.GAILLoss.mean": {
            "value": 3.219504371488845e-07,
            "min": 4.4438759436915676e-09,
            "max": 8.282245877059288e-07,
            "count": 12
        },
        "DriveCar.Losses.GAILLoss.sum": {
            "value": 3.219504371488845e-07,
            "min": 4.4438759436915676e-09,
            "max": 8.282245877059288e-07,
            "count": 12
        },
        "DriveCar.Policy.GAILGradMagLoss.mean": {
            "value": 6.798762881725195e-06,
            "min": 5.759562686133853e-06,
            "max": 1.7469014803041735e-05,
            "count": 12
        },
        "DriveCar.Policy.GAILGradMagLoss.sum": {
            "value": 6.798762881725195e-06,
            "min": 5.759562686133853e-06,
            "max": 1.7469014803041735e-05,
            "count": 12
        },
        "DriveCar.Losses.PretrainingLoss.mean": {
            "value": 0.34357218864636546,
            "min": 0.34357218864636546,
            "max": 0.348093833678808,
            "count": 12
        },
        "DriveCar.Losses.PretrainingLoss.sum": {
            "value": 0.34357218864636546,
            "min": 0.34357218864636546,
            "max": 0.348093833678808,
            "count": 12
        }
    },
    "metadata": {
        "timer_format_version": "0.1.0",
        "start_time_seconds": "1730609212",
        "python_version": "3.10.11 (tags/v3.10.11:7d4cc5a, Apr  5 2023, 00:38:17) [MSC v.1929 64 bit (AMD64)]",