{
    "name": "root",
    "gauges": {
        "DriveCar.Policy.Entropy.mean": {
            "value": 0.004477133043110371,
            "min": 0.0011920229298993945,
            "max": 0.10909368842840195,
            "count": 500
        },
        "DriveCar.Policy.Entropy.sum": {
            "value": 44.269893646240234,
            "min": 11.786723136901855,
            "max": 1078.7183837890625,
            "count": 500
        },
        "DriveCar.Step.mean": {
            "value": 4999936.0,
            "min": 9952.0,
            "max": 4999936.0,
            "count": 500
        },
        "DriveCar.Step.sum": {
            "value": 4999936.0,
            "min": 9952.0,
            "max": 4999936.0,
            "count": 500
        },
        "DriveCar.Policy.ExtrinsicValueEstimate.mean": {
            "value": -0.2307596355676651,
            "min": -0.5147601366043091,
            "max": -0.07188238948583603,
            "count": 500
        },
        "DriveCar.Policy.ExtrinsicValueEstimate.sum": {
            "value": -36.22926330566406,
            "min": -81.33209991455078,
            "max": -11.429300308227539,
            "count": 500
        },
        "DriveCar.Policy.GailValueEstimate.mean": {
            "value": 8.923946734284982e-05,
            "min": -0.0005209079827181995,
            "max": 0.0011164821917191148,
            "count": 500
        },
        "DriveCar.Policy.GailValueEstimate.sum": {
            "value": 0.014010596089065075,
            "min": -0.08313560485839844,
            "max": 0.1764041781425476,
            "count": 500
        },
        "DriveCar.Environment.EpisodeLength.mean": {
            "value": 1199.0,
            "min": 1199.0,
            "max": 1199.0,
            "count": 500
        },
        "DriveCar.Environment.EpisodeLength.sum": {
            "value": 7194.0,
            "min": 7194.0,
            "max": 14388.0,
            "count": 500
        },
        "DriveCar.Environment.CumulativeReward.mean": {
            "value": -37.116669780264296,
            "min": -83.30000709493955,
            "max": -1.6666669820745785,
            "count": 500
        },
        "DriveCar.Environment.CumulativeReward.sum": {
            "value": -222.7000186815858,
            "min": -643.4000516831875,
            "max": -10.000001892447472,
            "count": 500
        },
        "DriveCar.Policy.ExtrinsicReward.mean": {
            "value": -3.7116669228610895,
            "min": -8.330000568802157,
            "max": -0.1666666983316342,
            "count": 500
        },
        "DriveCar.Policy.ExtrinsicReward.sum": {
            "value": -22.270001537166536,
            "min": -64.34000420942903,
            "max": -1.0000001899898052,
            "count": 500
        },
        "DriveCar.Policy.GailReward.mean": {
            "value": 0.00012940208128497943,
            "min": 3.4650199947824e-05,
            "max": 0.03562489462124555,
            "count": 500
        },
        "DriveCar.Policy.GailReward.sum": {
            "value": 0.0007764124877098766,
            "min": 0.00020790119968694398,
            "max": 0.21374936772747333,
            "count": 500
        },
        "DriveCar.IsTraining.mean": {
            "value": 1.0,
            "min": 1.0,
            "max": 1.0,
            "count": 500
        },
        "DriveCar.IsTraining.sum": {
            "value": 1.0,
            "min": 1.0,
            "max": 1.0,
            "count": 500
        },
        "DriveCar.Losses.PolicyLoss.mean": {
            "value": 0.03597859070519917,
            "min": 0.03383368045984147,
            "max": 0.0373732020756385,
            "count": 12
        },
        "DriveCar.Losses.PolicyLoss.sum": {
            "value": 0.03597859070519917,
            "min": 0.03383368045984147,
            "max": 0.0373732020756385,
            "count": 12
        },
        "DriveCar.Losses.ValueLoss.mean": {
            "value": 0.003121764562432266,
            "min": 0.002679713653536358,
            "max": 0.0033345196514953084,
            "count": 12
        },
        "DriveCar.Losses.ValueLoss.sum": {
            "value": 0.003121764562432266,
            "min": 0.002679713653536358,
            "max": 0.0033345196514953084,
            "count": 12
        },
        "DriveCar.Policy.LearningRate.mean": {
            "value": 5.053538315519998e-06,
            "min": 5.053538315519998e-06,
            "max": 0.00027541632819455997,
            "count": 12
        },
        "DriveCar.Policy.LearningRate.sum": {
            "value": 5.053538315519998e-06,
            "min": 5.053538315519998e-06,
            "max": 0.00027541632819455997,
            "count": 12
        },
        "DriveCar.Policy.Epsilon.mean": {
            "value": 0.10168448,
            "min": 0.10168448,
            "max": 0.19180544000000002,
            "count": 12
        },
        "DriveCar.Policy.Epsilon.sum": {
            "value": 0.10168448,
            "min": 0.10168448,
            "max": 0.19180544000000002,
            "count": 12
        },
        "DriveCar.Policy.Beta.mean": {
            "value": 0.0005000000000000001,
            "min": 0.0005000000000000001,
            "max": 0.0005000000000000001,
            "count": 12
        },
        "DriveCar.Policy.Beta.sum": {
            "value": 0.0005000000000000001,
            "min": 0.0005000000000000001,
            "max": 0.0005000000000000001,
            "count": 12
        },
        "DriveCar.Policy.GAILPolicyEstimate.mean": {
            "value": 4.634535299663511e-07,
            "min": 3.9538202600423546e-07,
            "max": 2.8781932205259225e-06,
            "count": 12
        },
        "DriveCar.Policy.GAILPolicyEstimate.sum": {
            "value": 4.634535299663511e-07,
            "min": 3.9538202600423546e-07,
            "max": 2.8781932205259225e-06,
            "count": 12
        },
        "DriveCar.Policy.GAILExpertEstimate.mean": {
            "value": 0.9999997540563345,
            "min": 0.9999994224558274,
            "max": 0.9999999540299177,
            "count": 12
        },
        "DriveCar.Policy.GAILExpertEstimate.sum": {
            "value": 0.9999997540563345,
            "min": 0.9999994224558274,
            "max": 0.9999999540299177,
            "count": 12
        },
        "DriveCar.Losses.GAILLoss.mean": {
            "value": 4.979711147556909e-07,
            "min": 3.3444918900356797e-07,
            "max": 2.915384224131401e-06,
            "count": 12
        },
        "DriveCar.Losses.GAILLoss.sum": {
            "value": 4.979711147556909e-07,
            "min": 3.3444918900356797e-07,
            "max": 2.915384224131401e-06,
            "count": 12
        },
        "DriveCar.Policy.GAILGradMagLoss.mean": {
            "value": 9.034864087122211e-06,
            "min": 9.034864087122211e-06,
            "max": 3.245422295899895e-05,
            "count": 12
        },
        "DriveCar.Policy.GAILGradMagLoss.sum": {
            "value": 9.034864087122211e-06,
            "min": 9.034864087122211e-06,
            "max": 3.245422295899895e-05,
            "count": 12
        },
        "DriveCar.Losses.PretrainingLoss.mean": {
            "value": 0.05580566680103643,
            "min": 0.05580566680103643,
            "max": 0.06490311545041419,
            "count": 12
        },
        "DriveCar.Losses.PretrainingLoss.sum": {
            "value": 0.05580566680103643,
            "min": 0.05580566680103643,
            "max": 0.06490311545041419,
            "count": 12
        }
    },
    "metadata": {
        "timer_format_version": "0.1.0",
        "start_time_seconds": "1730400233",
        "python_version": "3.10.11 (tags/v3.10.11:7d4cc5a, Apr  5 2023, 00:38:17) [MSC v.1929 64 bit (AMD64)]",