{
    "name": "root",
    "gauges": {
        "DriveCar.Policy.Entropy.mean": {
            "value": 0.2504715919494629,
            "min": 0.11270524561405182,
            "max": 2.197082996368408,
            "count": 5000
        },
        "DriveCar.Policy.Entropy.sum": {
            "value": 2500.70849609375,
            "min": 1106.314697265625,
            "max": 22410.24609375,
            "count": 5000
        },
        "DriveCar.Step.mean": {
            "value": 49999992.0,
            "min": 9984.0,
            "max": 49999992.0,
            "count": 5000
        },
        "DriveCar.Step.sum": {
            "value": 49999992.0,
            "min": 9984.0,
            "max": 49999992.0,
            "count": 5000
        },
        "DriveCar.Policy.ExtrinsicValueEstimate.mean": {
            "value": -0.026184333488345146,
            "min": -0.5977981090545654,
            "max": 0.021132472902536392,
            "count": 5000
        },
        "DriveCar.Policy.ExtrinsicValueEstimate.sum": {
            "value": -4.163309097290039,
            "min": -94.45210266113281,
            "max": 3.360063314437866,
            "count": 5000
        },
        "DriveCar.Policy.GailValueEstimate.mean": {
            "value": 5.5482214520452544e-05,
            "min": -0.0012481261510401964,
            "max": 14.478384017944336,
            "count": 5000
        },
        "DriveCar.Policy.GailValueEstimate.sum": {
            "value": 0.008821671828627586,
            "min": -0.19845205545425415,
            "max": 2302.06298828125,
            "count": 5000
        },
        "DriveCar.Environment.EpisodeLength.mean": {
            "value": 1699.0,
            "min": 1699.0,
            "max": 1699.0,
            "count": 4901
        },
        "DriveCar.Environment.EpisodeLength.sum": {
            "value": 10194.0,
            "min": 10194.0,
            "max": 10194.0,
            "count": 4901
        },
        "DriveCar.IsTraining.mean": {
            "value": 1.0,
            "min": 1.0,
            "max": 1.0,
            "count": 5000
        },
        "DriveCar.IsTraining.sum": {
            "value": 1.0,
            "min": 1.0,
            "max": 1.0,
            "count": 5000
        },
        "DriveCar.Environment.CumulativeReward.mean": {
            "value": -28.066669046878815,
            "min": -169.90001463890076,
            "max": 4.0,
            "count": 4999
        },
        "DriveCar.Environment.CumulativeReward.sum": {
            "value": -168.4000142812729,
            "min": -683.3000458180904,
            "max": 15.699999928474426,
            "count": 4999
        },
        "DriveCar.Policy.ExtrinsicReward.mean": {
            "value": -2.8066668498019376,
            "min": -16.990001171827316,
            "max": 0.4000000059604645,
            "count": 4999
        },
        "DriveCar.Policy.ExtrinsicReward.sum": {
            "value": -16.840001098811626,
            "min": -68.33000423386693,
            "max": 1.5700000002980232,
            "count": 4999
        },
        "DriveCar.Policy.GailReward.mean": {
            "value": 0.00011405351295934452,
            "min": 0.0,
            "max": 1148.638243039449,
            "count": 4999
        },
        "DriveCar.Policy.GailReward.sum": {
            "value": 0.0006843210777560671,
            "min": 0.0,
            "max": 6891.829458236694,
            "count": 4999
        },
        "DriveCar.Losses.PolicyLoss.mean": {
            "value": 0.0342599658309094,
            "min": 0.034196543700624416,
            "max": 0.03679625962434026,
            "count": 121
        },
        "DriveCar.Losses.PolicyLoss.sum": {
            "value": 0.0342599658309094,
            "min": 0.034196543700624416,
            "max": 0.03679625962434026,
            "count": 121
        },
        "DriveCar.Losses.ValueLoss.mean": {
            "value": 0.0011248186718633708,
            "min": 0.0002921522018702187,
            "max": 25.069246032238006,
            "count": 121
        },
        "DriveCar.Losses.ValueLoss.sum": {
            "value": 0.0011248186718633708,
            "min": 0.0002921522018702187,
            "max": 25.069246032238006,
            "count": 121
        },
        "DriveCar.Policy.LearningRate.mean": {
            "value": 2.4203551932479983e-06,
            "min": 2.4203551932479983e-06,
            "max": 0.0002975404808198399,
            "count": 121
        },
        "DriveCar.Policy.LearningRate.sum": {
            "value": 2.4203551932479983e-06,
            "min": 2.4203551932479983e-06,
            "max": 0.0002975404808198399,
            "count": 121
        },
        "DriveCar.Policy.Epsilon.mean": {
            "value": 0.100806752,
            "min": 0.100806752,
            "max": 0.19918016000000005,
            "count": 121
        },
        "DriveCar.Policy.Epsilon.sum": {
            "value": 0.100806752,
            "min": 0.100806752,
            "max": 0.19918016000000005,
            "count": 121
        },
        "DriveCar.Policy.Beta.mean": {
            "value": 0.0005000000000000001,
            "min": 0.0005000000000000001,
            "max": 0.0005000000000000001,
            "count": 121
        },
        "DriveCar.Policy.Beta.sum": {
            "value": 0.0005000000000000001,
            "min": 0.0005000000000000001,
            "max": 0.0005000000000000001,
            "count": 121
        },
        "DriveCar.Policy.GAILPolicyEstimate.mean": {
            "value": 4.4038926089839946e-07,
            "min": 2.388147195978944e-07,
            "max": 0.03336105611442084,
            "count": 121
        },
        "DriveCar.Policy.GAILPolicyEstimate.sum": {
            "value": 4.4038926089839946e-07,
            "min": 2.388147195978944e-07,
            "max": 0.03336105611442084,
            "count": 121
        },
        "DriveCar.Policy.GAILExpertEstimate.mean": {
            "value": 0.9999999364962181,
            "min": 0.950119224563241,
            "max": 0.9999999403953552,
            "count": 121
        },
        "DriveCar.Policy.GAILExpertEstimate.sum": {
            "value": 0.9999999364962181,
            "min": 0.950119224563241,
            "max": 0.9999999403953552,
            "count": 121
        },
        "DriveCar.Losses.GAILLoss.mean": {
            "value": 3.072996513998431e-07,
            "min": 1.7067718973353314e-07,
            "max": 0.0975550835901716,
            "count": 121
        },
        "DriveCar.Losses.GAILLoss.sum": {
            "value": 3.072996513998431e-07,
            "min": 1.7067718973353314e-07,
            "max": 0.0975550835901716,
            "count": 121
        },
        "DriveCar.Policy.GAILGradMagLoss.mean": {
            "value": 9.768434253487612e-06,
            "min": 8.176071262890143e-06,
            "max": 0.3121992636923096,
            "count": 121
        },
        "DriveCar.Policy.GAILGradMagLoss.sum": {
            "value": 9.768434253487612e-06,
            "min": 8.176071262890143e-06,
            "max": 0.3121992636923096,
            "count": 121
        },
        "DriveCar.Losses.PretrainingLoss.mean": {
            "value": 0.35051609183612625,
            "min": 0.35051609183612625,
            "max": 0.9257872857545552,
            "count": 121
        },
        "DriveCar.Losses.PretrainingLoss.sum": {
            "value": 0.35051609183612625,
            "min": 0.35051609183612625,
            "max": 0.9257872857545552,
            "count": 121
        }
    },
    "metadata": {
        "timer_format_version": "0.1.0",
        "start_time_seconds": "1730491829",
        "python_version": "3.10.11 (tags/v3.10.11:7d4cc5a, Apr  5 2023, 00:38:17) [MSC v.1929 64 bit (AMD64)]",