{
    "name": "root",
    "gauges": {
        "DriveCar.Policy.Entropy.mean": {
            "value": 0.0718078762292862,
            "min": 0.05310819298028946,
            "max": 0.47926804423332214,
            "count": 500
        },
        "DriveCar.Policy.Entropy.sum": {
            "value": 732.4403686523438,
            "min": 541.7035522460938,
            "max": 4888.5341796875,
            "count": 500
        },
        "DriveCar.Step.mean": {
            "value": 4999984.0,
            "min": 9984.0,
            "max": 4999984.0,
            "count": 500
        },
        "DriveCar.Step.sum": {
            "value": 4999984.0,
            "min": 9984.0,
            "max": 4999984.0,
            "count": 500
        },
        "DriveCar.Policy.ExtrinsicValueEstimate.mean": {
            "value": -0.0018963454058393836,
            "min": -0.25120338797569275,
            "max": 0.01930084079504013,
            "count": 500
        },
        "DriveCar.Policy.ExtrinsicValueEstimate.sum": {
            "value": -0.30151891708374023,
            "min": -39.94133758544922,
            "max": 3.068833827972412,
            "count": 500
        },
        "DriveCar.Policy.GailValueEstimate.mean": {
            "value": -2.937848876172211e-05,
            "min": -0.0003346343000885099,
            "max": 0.00025385248591192067,
            "count": 500
        },
        "DriveCar.Policy.GailValueEstimate.sum": {
            "value": -0.004671179689466953,
            "min": -0.053206853568553925,
            "max": 0.04036254435777664,
            "count": 500
        },
        "DriveCar.Environment.EpisodeLength.mean": {
            "value": 1699.0,
            "min": 1699.0,
            "max": 1699.0,
            "count": 490
        },
        "DriveCar.Environment.EpisodeLength.sum": {
            "value": 10194.0,
            "min": 10194.0,
            "max": 10194.0,
            "count": 490
        },
        "DriveCar.IsTraining.mean": {
            "value": 1.0,
            "min": 1.0,
            "max": 1.0,
            "count": 500
        },
        "DriveCar.IsTraining.sum": {
            "value": 1.0,
            "min": 1.0,
            "max": 1.0,
            "count": 500
        },
        "DriveCar.Environment.CumulativeReward.mean": {
            "value": -2.4333334068457284,
            "min": -68.93333904941876,
            "max": 7.199999988079071,
            "count": 499
        },
        "DriveCar.Environment.CumulativeReward.sum": {
            "value": -14.600000441074371,
            "min": -413.6000342965126,
            "max": 24.700000047683716,
            "count": 499
        },
        "DriveCar.Policy.ExtrinsicReward.mean": {
            "value": -0.24333335955937704,
            "min": -6.893333815659086,
            "max": 0.7200000062584877,
            "count": 499
        },
        "DriveCar.Policy.ExtrinsicReward.sum": {
            "value": -1.4600001573562622,
            "min": -41.360002893954515,
            "max": 2.4700000435113907,
            "count": 499
        },
        "DriveCar.Policy.GailReward.mean": {
            "value": 0.0004135074826810599,
            "min": 5.4240232429947355e-06,
            "max": 0.0414946930502443,
            "count": 499
        },
        "DriveCar.Policy.GailReward.sum": {
            "value": 0.0024810448960863596,
            "min": 5.4240232429947355e-06,
            "max": 0.2489681583014658,
            "count": 499
        },
        "DriveCar.Losses.PolicyLoss.mean": {
            "value": 0.02772016540824395,
            "min": 0.02772016540824395,
            "max": 0.029865360552260217,
            "count": 12
        },
        "DriveCar.Losses.PolicyLoss.sum": {
            "value": 0.02772016540824395,
            "min": 0.02772016540824395,
            "max": 0.029865360552260217,
            "count": 12
        },
        "DriveCar.Losses.ValueLoss.mean": {
            "value": 0.0010598579254296968,
            "min": 0.0006063947775401903,
            "max": 0.0010598579254296968,
            "count": 12
        },
        "DriveCar.Losses.ValueLoss.sum": {
            "value": 0.0010598579254296968,
            "min": 0.0006063947775401903,
            "max": 0.0010598579254296968,
            "count": 12
        },
        "DriveCar.Policy.LearningRate.mean": {
            "value": 4.877858374080007e-06,
            "min": 4.877858374080007e-06,
            "max": 0.0002754048081984,
            "count": 12
        },
        "DriveCar.Policy.LearningRate.sum": {
            "value": 4.877858374080007e-06,
            "min": 4.877858374080007e-06,
            "max": 0.0002754048081984,
            "count": 12
        },
        "DriveCar.Policy.Epsilon.mean": {
            "value": 0.10162592000000004,
            "min": 0.10162592000000004,
            "max": 0.19180160000000004,
            "count": 12
        },
        "DriveCar.Policy.Epsilon.sum": {
            "value": 0.10162592000000004,
            "min": 0.10162592000000004,
            "max": 0.19180160000000004,
            "count": 12
        },
        "DriveCar.Policy.Beta.mean": {
            "value": 0.0005000000000000002,
            "min": 0.0005000000000000002,
            "max": 0.0005000000000000002,
            "count": 12
        },
        "DriveCar.Policy.Beta.sum": {
            "value": 0.0005000000000000002,
            "min": 0.0005000000000000002,
            "max": 0.0005000000000000002,
            "count": 12
        },
        "DriveCar.Policy.GAILPolicyEstimate.mean": {
            "value": 1.6933182954432215e-07,
            "min": 1.563839832453382e-07,
            "max": 3.463075153565136e-06,
            "count": 12
        },
        "DriveCar.Policy.GAILPolicyEstimate.sum": {
            "value": 1.6933182954432215e-07,
            "min": 1.563839832453382e-07,
            "max": 3.463075153565136e-06,
            "count": 12
        },
        "DriveCar.Policy.GAILExpertEstimate.mean": {
            "value": 0.9999998641282488,
            "min": 0.9999998444464149,
            "max": 0.999999999813619,
            "count": 12
        },
        "DriveCar.Policy.GAILExpertEstimate.sum": {
            "value": 0.9999998641282488,
            "min": 0.9999998444464149,
            "max": 0.999999999813619,
            "count": 12
        },
        "DriveCar.Losses.GAILLoss.mean": {
            "value": 1.1942979336319271e-07,
            "min": -4.678684766349023e-08,
            "max": 3.2867851546901148e-06,
            "count": 12
        },
        "DriveCar.Losses.GAILLoss.sum": {
            "value": 1.1942979336319271e-07,
            "min": -4.678684766349023e-08,
            "max": 3.2867851546901148e-06,
            "count": 12
        },
        "DriveCar.Policy.GAILGradMagLoss.mean": {
            "value": 6.8269424884580405e-06,
            "min": 5.053576461168581e-06,
            "max": 1.550223346350044e-05,
            "count": 12
        },
        "DriveCar.Policy.GAILGradMagLoss.sum": {
            "value": 6.8269424884580405e-06,
            "min": 5.053576461168581e-06,
            "max": 1.550223346350044e-05,
            "count": 12
        },
        "DriveCar.Losses.PretrainingLoss.mean": {
            "value": 0.33819687366485596,
            "min": 0.33819687366485596,
            "max": 0.3423295632386819,
            "count": 12
        },
        "DriveCar.Losses.PretrainingLoss.sum": {
            "value": 0.33819687366485596,
            "min": 0.33819687366485596,
            "max": 0.3423295632386819,
            "count": 12
        }
    },
    "metadata": {
        "timer_format_version": "0.1.0",
        "start_time_seconds": "1730627323",
        "python_version": "3.10.11 (tags/v3.10.11:7d4cc5a, Apr  5 2023, 00:38:17) [MSC v.1929 64 bit (AMD64)]",