{
    "name": "root",
    "gauges": {
        "DriveCar.Policy.Entropy.mean": {
            "value": 0.015088888816535473,
            "min": 0.005585294682532549,
            "max": 0.032967571169137955,
            "count": 33
        },
        "DriveCar.Policy.Entropy.sum": {
            "value": 149.1083984375,
            "min": 55.227394104003906,
            "max": 325.98333740234375,
            "count": 33
        },
        "DriveCar.Step.mean": {
            "value": 329946.0,
            "min": 9952.0,
            "max": 329946.0,
            "count": 33
        },
        "DriveCar.Step.sum": {
            "value": 329946.0,
            "min": 9952.0,
            "max": 329946.0,
            "count": 33
        },
        "DriveCar.Policy.ExtrinsicValueEstimate.mean": {
            "value": -0.3953518569469452,
            "min": -0.3953518569469452,
            "max": -0.07487359642982483,
            "count": 33
        },
        "DriveCar.Policy.ExtrinsicValueEstimate.sum": {
            "value": -62.46559143066406,
            "min": -62.46559143066406,
            "max": -11.830028533935547,
            "count": 33
        },
        "DriveCar.Policy.GailValueEstimate.mean": {
            "value": -0.0003293945046607405,
            "min": -0.0004795533895958215,
            "max": 0.09035474061965942,
            "count": 33
        },
        "DriveCar.Policy.GailValueEstimate.sum": {
            "value": -0.0520443320274353,
            "min": -0.07624898850917816,
            "max": 14.456758499145508,
            "count": 33
        },
        "DriveCar.Losses.PolicyLoss.mean": {
            "value": 0.25590525471470565,
            "min": 0.24146479456076264,
            "max": 0.29047967947457753,
            "count": 33
        },
        "DriveCar.Losses.PolicyLoss.sum": {
            "value": 6.653536622582347,
            "min": 6.278084658579829,
            "max": 7.552471666339017,
            "count": 33
        },
        "DriveCar.Losses.ValueLoss.mean": {
            "value": 0.0019431632350602097,
            "min": 0.00017445468575289988,
            "max": 0.007166089939183806,
            "count": 33
        },
        "DriveCar.Losses.ValueLoss.sum": {
            "value": 0.05052224411156545,
            "min": 0.004710276515328297,
            "max": 0.19348442835796276,
            "count": 33
        },
        "DriveCar.Policy.LearningRate.mean": {
            "value": 0.00010499706500100001,
            "min": 0.00010499706500100001,
            "max": 0.00029690732410781536,
            "count": 33
        },
        "DriveCar.Policy.LearningRate.sum": {
            "value": 0.0027299236900260003,
            "min": 0.0027299236900260003,
            "max": 0.007719590426803199,
            "count": 33
        },
        "DriveCar.Policy.Epsilon.mean": {
            "value": 0.13499900000000004,
            "min": 0.13499900000000004,
            "max": 0.19896910769230772,
            "count": 33
        },
        "DriveCar.Policy.Epsilon.sum": {
            "value": 3.5099740000000006,
            "min": 3.5099740000000006,
            "max": 5.264697600000001,
            "count": 33
        },
        "DriveCar.Policy.Beta.mean": {
            "value": 0.0005000000000000002,
            "min": 0.0005000000000000002,
            "max": 0.0005000000000000002,
            "count": 33
        },
        "DriveCar.Policy.Beta.sum": {
            "value": 0.013000000000000006,
            "min": 0.013000000000000005,
            "max": 0.013500000000000007,
            "count": 33
        },
        "DriveCar.Policy.GAILPolicyEstimate.mean": {
            "value": 1.0368187066062638e-05,
            "min": 6.598737045672927e-06,
            "max": 7.919527159868715e-05,
            "count": 33
        },
        "DriveCar.Policy.GAILPolicyEstimate.sum": {
            "value": 0.0002695728637176286,
            "min": 0.0001715671631874961,
            "max": 0.002138272333164553,
            "count": 33
        },
        "DriveCar.Policy.GAILExpertEstimate.mean": {
            "value": 0.9999986743410474,
            "min": 0.9999776361364723,
            "max": 0.9999986743410474,
            "count": 33
        },
        "DriveCar.Policy.GAILExpertEstimate.sum": {
            "value": 25.999965532867233,
            "min": 25.99941853954828,
            "max": 26.99994567350337,
            "count": 33
        },
        "DriveCar.Losses.GAILLoss.mean": {
            "value": 1.1488513601912118e-05,
            "min": 9.497089164929804e-06,
            "max": 8.789984840767725e-05,
            "count": 33
        },
        "DriveCar.Losses.GAILLoss.sum": {
            "value": 0.00029870135364971505,
            "min": 0.00024692431828817493,
            "max": 0.0023732959070072858,
            "count": 33
        },
        "DriveCar.Policy.GAILGradMagLoss.mean": {
            "value": 0.00027960115875999683,
            "min": 0.00016372559588004914,
            "max": 0.0010859527331354873,
            "count": 33
        },
        "DriveCar.Policy.GAILGradMagLoss.sum": {
            "value": 0.007269630127759917,
            "min": 0.004256865492881278,
            "max": 0.02932072379465816,
            "count": 33
        },
        "DriveCar.Losses.PretrainingLoss.mean": {
            "value": 0.09716775517537643,
            "min": 0.09709455996972179,
            "max": 0.1073930246873103,
            "count": 33
        },
        "DriveCar.Losses.PretrainingLoss.sum": {
            "value": 2.526361634559787,
            "min": 2.5244585592127664,
            "max": 2.875374324232709,
            "count": 33
        },
        "DriveCar.Environment.EpisodeLength.mean": {
            "value": 1198.0,
            "min": 1198.0,
            "max": 1199.0,
            "count": 33
        },
        "DriveCar.Environment.EpisodeLength.sum": {
            "value": 7188.0,
            "min": 7188.0,
            "max": 14388.0,
            "count": 33
        },
        "DriveCar.Environment.CumulativeReward.mean": {
            "value": -55.11667021115621,
            "min": -55.11667021115621,
            "max": -2.600000043710073,
            "count": 33
        },
        "DriveCar.Environment.CumulativeReward.sum": {
            "value": -330.70002126693726,
            "min": -397.9000322818756,
            "max": -15.600000262260437,
            "count": 33
        },
        "DriveCar.Policy.ExtrinsicReward.mean": {
            "value": -5.51166698584954,
            "min": -5.51166698584954,
            "max": -0.26000000660618144,
            "count": 33
        },
        "DriveCar.Policy.ExtrinsicReward.sum": {
            "value": -33.07000191509724,
            "min": -39.79000265151262,
            "max": -1.5600000396370888,
            "count": 33
        },
        "DriveCar.Policy.GailReward.mean": {
            "value": 0.020142342222849646,
            "min": 0.007885809046001668,
            "max": 0.8948786903126233,
            "count": 33
        },
        "DriveCar.Policy.GailReward.sum": {
            "value": 0.12085405333709787,
            "min": 0.04731485427601001,
            "max": 10.73854428375148,
            "count": 33
        },
        "DriveCar.IsTraining.mean": {
            "value": 1.0,
            "min": 1.0,
            "max": 1.0,
            "count": 33
        },
        "DriveCar.IsTraining.sum": {
            "value": 1.0,
            "min": 1.0,
            "max": 1.0,
            "count": 33
        }
    },
    "metadata": {
        "timer_format_version": "0.1.0",
        "start_time_seconds": "1730091946",
        "python_version": "3.10.11 (tags/v3.10.11:7d4cc5a, Apr  5 2023, 00:38:17) [MSC v.1929 64 bit (AMD64)]",