{
    "name": "root",
    "gauges": {
        "DriveCar.Policy.Entropy.mean": {
            "value": 0.9663763642311096,
            "min": 0.6625667810440063,
            "max": 1.1797672510147095,
            "count": 45
        },
        "DriveCar.Policy.Entropy.sum": {
            "value": 9828.0478515625,
            "min": 6742.27978515625,
            "max": 11665.5380859375,
            "count": 45
        },
        "DriveCar.Step.mean": {
            "value": 449952.0,
            "min": 9952.0,
            "max": 449952.0,
            "count": 45
        },
        "DriveCar.Step.sum": {
            "value": 449952.0,
            "min": 9952.0,
            "max": 449952.0,
            "count": 45
        },
        "DriveCar.Policy.ExtrinsicValueEstimate.mean": {
            "value": -0.08306314796209335,
            "min": -0.24076956510543823,
            "max": -0.05019193887710571,
            "count": 45
        },
        "DriveCar.Policy.ExtrinsicValueEstimate.sum": {
            "value": -13.207040786743164,
            "min": -38.2823600769043,
            "max": -7.980518341064453,
            "count": 45
        },
        "DriveCar.Policy.GailValueEstimate.mean": {
            "value": 0.7349117398262024,
            "min": 0.7349117398262024,
            "max": 0.9847804307937622,
            "count": 45
        },
        "DriveCar.Policy.GailValueEstimate.sum": {
            "value": 116.85096740722656,
            "min": 116.85096740722656,
            "max": 157.5648651123047,
            "count": 45
        },
        "DriveCar.Environment.EpisodeLength.mean": {
            "value": 1198.5,
            "min": 1198.5,
            "max": 3000.0,
            "count": 42
        },
        "DriveCar.Environment.EpisodeLength.sum": {
            "value": 14382.0,
            "min": 7194.0,
            "max": 18000.0,
            "count": 42
        },
        "DriveCar.Environment.CumulativeReward.mean": {
            "value": -21.058334833631914,
            "min": -107.76667580381036,
            "max": -0.16666666666666666,
            "count": 42
        },
        "DriveCar.Environment.CumulativeReward.sum": {
            "value": -252.70001800358295,
            "min": -646.6000548228621,
            "max": -1.0,
            "count": 42
        },
        "DriveCar.Policy.ExtrinsicReward.mean": {
            "value": -2.105833460111171,
            "min": -10.776667436119169,
            "max": -0.016666666915019352,
            "count": 42
        },
        "DriveCar.Policy.ExtrinsicReward.sum": {
            "value": -25.270001521334052,
            "min": -64.66000461671501,
            "max": -0.10000000149011612,
            "count": 42
        },
        "DriveCar.Policy.GailReward.mean": {
            "value": 0.06197592691467454,
            "min": 0.008131628242457131,
            "max": 0.12614589146869548,
            "count": 42
        },
        "DriveCar.Policy.GailReward.sum": {
            "value": 0.7437111229760944,
            "min": 0.04878976945474278,
            "max": 1.429648526949677,
            "count": 42
        },
        "DriveCar.IsTraining.mean": {
            "value": 1.0,
            "min": 1.0,
            "max": 1.0,
            "count": 45
        },
        "DriveCar.IsTraining.sum": {
            "value": 1.0,
            "min": 1.0,
            "max": 1.0,
            "count": 45
        },
        "DriveCar.Losses.PolicyLoss.mean": {
            "value": 0.0351027160618105,
            "min": 0.0351027160618105,
            "max": 0.0351027160618105,
            "count": 1
        },
        "DriveCar.Losses.PolicyLoss.sum": {
            "value": 0.0351027160618105,
            "min": 0.0351027160618105,
            "max": 0.0351027160618105,
            "count": 1
        },
        "DriveCar.Losses.ValueLoss.mean": {
            "value": 0.007002359792240895,
            "min": 0.007002359792240895,
            "max": 0.007002359792240895,
            "count": 1
        },
        "DriveCar.Losses.ValueLoss.sum": {
            "value": 0.007002359792240895,
            "min": 0.007002359792240895,
            "max": 0.007002359792240895,
            "count": 1
        },
        "DriveCar.Policy.LearningRate.mean": {
            "value": 0.00027540732819756,
            "min": 0.00027540732819756,
            "max": 0.00027540732819756,
            "count": 1
        },
        "DriveCar.Policy.LearningRate.sum": {
            "value": 0.00027540732819756,
            "min": 0.00027540732819756,
            "max": 0.00027540732819756,
            "count": 1
        },
        "DriveCar.Policy.Epsilon.mean": {
            "value": 0.19180244000000002,
            "min": 0.19180244000000002,
            "max": 0.19180244000000002,
            "count": 1
        },
        "DriveCar.Policy.Epsilon.sum": {
            "value": 0.19180244000000002,
            "min": 0.19180244000000002,
            "max": 0.19180244000000002,
            "count": 1
        },
        "DriveCar.Policy.Beta.mean": {
            "value": 0.0005000000000000001,
            "min": 0.0005000000000000001,
            "max": 0.0005000000000000001,
            "count": 1
        },
        "DriveCar.Policy.Beta.sum": {
            "value": 0.0005000000000000001,
            "min": 0.0005000000000000001,
            "max": 0.0005000000000000001,
            "count": 1
        },
        "DriveCar.Policy.GAILPolicyEstimate.mean": {
            "value": 3.077173328316955e-05,
            "min": 3.077173328316955e-05,
            "max": 3.077173328316955e-05,
            "count": 1
        },
        "DriveCar.Policy.GAILPolicyEstimate.sum": {
            "value": 3.077173328316955e-05,
            "min": 3.077173328316955e-05,
            "max": 3.077173328316955e-05,
            "count": 1
        },
        "DriveCar.Policy.GAILExpertEstimate.mean": {
            "value": 0.9999845292170843,
            "min": 0.9999845292170843,
            "max": 0.9999845292170843,
            "count": 1
        },
        "DriveCar.Policy.GAILExpertEstimate.sum": {
            "value": 0.9999845292170843,
            "min": 0.9999845292170843,
            "max": 0.9999845292170843,
            "count": 1
        },
        "DriveCar.Losses.GAILLoss.mean": {
            "value": 4.607377821495599e-05,
            "min": 4.607377821495599e-05,
            "max": 4.607377821495599e-05,
            "count": 1
        },
        "DriveCar.Losses.GAILLoss.sum": {
            "value": 4.607377821495599e-05,
            "min": 4.607377821495599e-05,
            "max": 4.607377821495599e-05,
            "count": 1
        },
        "DriveCar.Policy.GAILGradMagLoss.mean": {
            "value": 0.0002566946734987141,
            "min": 0.0002566946734987141,
            "max": 0.0002566946734987141,
            "count": 1
        },
        "DriveCar.Policy.GAILGradMagLoss.sum": {
            "value": 0.0002566946734987141,
            "min": 0.0002566946734987141,
            "max": 0.0002566946734987141,
            "count": 1
        },
        "DriveCar.Losses.PretrainingLoss.mean": {
            "value": 0.41469967877332287,
            "min": 0.41469967877332287,
            "max": 0.41469967877332287,
            "count": 1
        },
        "DriveCar.Losses.PretrainingLoss.sum": {
            "value": 0.41469967877332287,
            "min": 0.41469967877332287,
            "max": 0.41469967877332287,
            "count": 1
        }
    },
    "metadata": {
        "timer_format_version": "0.1.0",
        "start_time_seconds": "1730442014",
        "python_version": "3.10.11 (tags/v3.10.11:7d4cc5a, Apr  5 2023, 00:38:17) [MSC v.1929 64 bit (AMD64)]",