{
    "name": "root",
    "gauges": {
        "DriveCar.Policy.Entropy.mean": {
            "value": 0.2438318133354187,
            "min": 0.04427611827850342,
            "max": 0.5944293737411499,
            "count": 500
        },
        "DriveCar.Policy.Entropy.sum": {
            "value": 2487.08447265625,
            "min": 434.6143798828125,
            "max": 5834.9189453125,
            "count": 500
        },
        "DriveCar.Step.mean": {
            "value": 4999984.0,
            "min": 9984.0,
            "max": 4999984.0,
            "count": 500
        },
        "DriveCar.Step.sum": {
            "value": 4999984.0,
            "min": 9984.0,
            "max": 4999984.0,
            "count": 500
        },
        "DriveCar.Policy.ExtrinsicValueEstimate.mean": {
            "value": -0.11442247778177261,
            "min": -0.45627009868621826,
            "max": 0.009957578964531422,
            "count": 500
        },
        "DriveCar.Policy.ExtrinsicValueEstimate.sum": {
            "value": -18.193174362182617,
            "min": -72.54694366455078,
            "max": 1.5832550525665283,
            "count": 500
        },
        "DriveCar.Policy.GailValueEstimate.mean": {
            "value": 3.599861156544648e-05,
            "min": -0.0004808940284419805,
            "max": 0.0004998999647796154,
            "count": 500
        },
        "DriveCar.Policy.GailValueEstimate.sum": {
            "value": 0.005723779089748859,
            "min": -0.07646214962005615,
            "max": 0.07948409765958786,
            "count": 500
        },
        "DriveCar.Environment.EpisodeLength.mean": {
            "value": 1699.0,
            "min": 1699.0,
            "max": 1699.0,
            "count": 490
        },
        "DriveCar.Environment.EpisodeLength.sum": {
            "value": 10194.0,
            "min": 10194.0,
            "max": 10194.0,
            "count": 490
        },
        "DriveCar.IsTraining.mean": {
            "value": 1.0,
            "min": 1.0,
            "max": 1.0,
            "count": 500
        },
        "DriveCar.IsTraining.sum": {
            "value": 1.0,
            "min": 1.0,
            "max": 1.0,
            "count": 500
        },
        "DriveCar.Environment.CumulativeReward.mean": {
            "value": -14.466667960087458,
            "min": -162.80001378059387,
            "max": 2.499999985098839,
            "count": 499
        },
        "DriveCar.Environment.CumulativeReward.sum": {
            "value": -86.80000776052475,
            "min": -582.000048995018,
            "max": 14.999999910593033,
            "count": 499
        },
        "DriveCar.Policy.ExtrinsicReward.mean": {
            "value": -1.4466667616118987,
            "min": -16.280001133680344,
            "max": 0.2500000024835269,
            "count": 499
        },
        "DriveCar.Policy.ExtrinsicReward.sum": {
            "value": -8.680000569671392,
            "min": -58.200003914535046,
            "max": 1.5000000149011612,
            "count": 499
        },
        "DriveCar.Policy.GailReward.mean": {
            "value": 0.0015607239485764997,
            "min": 3.814697265625e-06,
            "max": 0.007451901023737643,
            "count": 499
        },
        "DriveCar.Policy.GailReward.sum": {
            "value": 0.009364343691458998,
            "min": 3.814697265625e-06,
            "max": 0.04471140614242586,
            "count": 499
        },
        "DriveCar.Losses.PolicyLoss.mean": {
            "value": 0.029560916678272507,
            "min": 0.027401578675718026,
            "max": 0.02978536480909335,
            "count": 12
        },
        "DriveCar.Losses.PolicyLoss.sum": {
            "value": 0.029560916678272507,
            "min": 0.027401578675718026,
            "max": 0.02978536480909335,
            "count": 12
        },
        "DriveCar.Losses.ValueLoss.mean": {
            "value": 0.0008781829190290789,
            "min": 0.0008488569208696016,
            "max": 0.0013840906323822537,
            "count": 12
        },
        "DriveCar.Losses.ValueLoss.sum": {
            "value": 0.0008781829190290789,
            "min": 0.0008488569208696016,
            "max": 0.0013840906323822537,
            "count": 12
        },
        "DriveCar.Policy.LearningRate.mean": {
            "value": 4.877858374080007e-06,
            "min": 4.877858374080007e-06,
            "max": 0.0002754048081984,
            "count": 12
        },
        "DriveCar.Policy.LearningRate.sum": {
            "value": 4.877858374080007e-06,
            "min": 4.877858374080007e-06,
            "max": 0.0002754048081984,
            "count": 12
        },
        "DriveCar.Policy.Epsilon.mean": {
            "value": 0.10162592000000004,
            "min": 0.10162592000000004,
            "max": 0.19180160000000004,
            "count": 12
        },
        "DriveCar.Policy.Epsilon.sum": {
            "value": 0.10162592000000004,
            "min": 0.10162592000000004,
            "max": 0.19180160000000004,
            "count": 12
        },
        "DriveCar.Policy.Beta.mean": {
            "value": 0.0005000000000000002,
            "min": 0.0005000000000000002,
            "max": 0.0005000000000000002,
            "count": 12
        },
        "DriveCar.Policy.Beta.sum": {
            "value": 0.0005000000000000002,
            "min": 0.0005000000000000002,
            "max": 0.0005000000000000002,
            "count": 12
        },
        "DriveCar.Policy.GAILPolicyEstimate.mean": {
            "value": 1.4692736879720137e-06,
            "min": 1.6856448769086325e-07,
            "max": 1.4692736879720137e-06,
            "count": 12
        },
        "DriveCar.Policy.GAILPolicyEstimate.sum": {
            "value": 1.4692736879720137e-06,
            "min": 1.6856448769086325e-07,
            "max": 1.4692736879720137e-06,
            "count": 12
        },
        "DriveCar.Policy.GAILExpertEstimate.mean": {
            "value": 0.9999999155321294,
            "min": 0.9999995179068976,
            "max": 0.9999999708872873,
            "count": 12
        },
        "DriveCar.Policy.GAILExpertEstimate.sum": {
            "value": 0.9999999155321294,
            "min": 0.9999995179068976,
            "max": 0.9999999708872873,
            "count": 12
        },
        "DriveCar.Losses.GAILLoss.mean": {
            "value": 1.38910560620863e-06,
            "min": 1.388949435071256e-07,
            "max": 1.38910560620863e-06,
            "count": 12
        },
        "DriveCar.Losses.GAILLoss.sum": {
            "value": 1.38910560620863e-06,
            "min": 1.388949435071256e-07,
            "max": 1.38910560620863e-06,
            "count": 12
        },
        "DriveCar.Policy.GAILGradMagLoss.mean": {
            "value": 1.1518643931048246e-05,
            "min": 7.877228159262446e-06,
            "max": 1.781238207880963e-05,
            "count": 12
        },
        "DriveCar.Policy.GAILGradMagLoss.sum": {
            "value": 1.1518643931048246e-05,
            "min": 7.877228159262446e-06,
            "max": 1.781238207880963e-05,
            "count": 12
        },
        "DriveCar.Losses.PretrainingLoss.mean": {
            "value": 0.34806427665245837,
            "min": 0.34806427665245837,
            "max": 0.35282017634465146,
            "count": 12
        },
        "DriveCar.Losses.PretrainingLoss.sum": {
            "value": 0.34806427665245837,
            "min": 0.34806427665245837,
            "max": 0.35282017634465146,
            "count": 12
        }
    },
    "metadata": {
        "timer_format_version": "0.1.0",
        "start_time_seconds": "1730577265",
        "python_version": "3.10.11 (tags/v3.10.11:7d4cc5a, Apr  5 2023, 00:38:17) [MSC v.1929 64 bit (AMD64)]",