{
    "name": "root",
    "gauges": {
        "DriveCar.Policy.Entropy.mean": {
            "value": 0.3479230999946594,
            "min": 0.08685337752103806,
            "max": 0.5864532589912415,
            "count": 500
        },
        "DriveCar.Policy.Entropy.sum": {
            "value": 3548.815673828125,
            "min": 852.552734375,
            "max": 5981.8232421875,
            "count": 500
        },
        "DriveCar.Step.mean": {
            "value": 4999984.0,
            "min": 9984.0,
            "max": 4999984.0,
            "count": 500
        },
        "DriveCar.Step.sum": {
            "value": 4999984.0,
            "min": 9984.0,
            "max": 4999984.0,
            "count": 500
        },
        "DriveCar.Policy.ExtrinsicValueEstimate.mean": {
            "value": -0.22602073848247528,
            "min": -0.41314035654067993,
            "max": 0.0023086711298674345,
            "count": 500
        },
        "DriveCar.Policy.ExtrinsicValueEstimate.sum": {
            "value": -35.93729782104492,
            "min": -65.27617645263672,
            "max": 0.3670787215232849,
            "count": 500
        },
        "DriveCar.Policy.GailValueEstimate.mean": {
            "value": 0.00016429275274276733,
            "min": -0.0006371130584739149,
            "max": 0.0009409834747202694,
            "count": 500
        },
        "DriveCar.Policy.GailValueEstimate.sum": {
            "value": 0.026122547686100006,
            "min": -0.10130097717046738,
            "max": 0.14961637556552887,
            "count": 500
        },
        "DriveCar.Environment.EpisodeLength.mean": {
            "value": 1699.0,
            "min": 1699.0,
            "max": 1699.0,
            "count": 490
        },
        "DriveCar.Environment.EpisodeLength.sum": {
            "value": 10194.0,
            "min": 10194.0,
            "max": 10194.0,
            "count": 490
        },
        "DriveCar.IsTraining.mean": {
            "value": 1.0,
            "min": 1.0,
            "max": 1.0,
            "count": 500
        },
        "DriveCar.IsTraining.sum": {
            "value": 1.0,
            "min": 1.0,
            "max": 1.0,
            "count": 500
        },
        "DriveCar.Environment.CumulativeReward.mean": {
            "value": -56.33333769440651,
            "min": -96.70000839233398,
            "max": 2.0,
            "count": 499
        },
        "DriveCar.Environment.CumulativeReward.sum": {
            "value": -338.00002616643906,
            "min": -494.9000406861305,
            "max": 9.599999964237213,
            "count": 499
        },
        "DriveCar.Policy.ExtrinsicReward.mean": {
            "value": -5.633333717783292,
            "min": -9.670000679790974,
            "max": 0.20000000298023224,
            "count": 499
        },
        "DriveCar.Policy.ExtrinsicReward.sum": {
            "value": -33.80000230669975,
            "min": -49.4900034815073,
            "max": 0.9600000083446503,
            "count": 499
        },
        "DriveCar.Policy.GailReward.mean": {
            "value": 0.00012273593362503257,
            "min": 1.822910288259057e-05,
            "max": 0.01177934535132863,
            "count": 499
        },
        "DriveCar.Policy.GailReward.sum": {
            "value": 0.0007364156017501955,
            "min": 5.966426809322911e-05,
            "max": 0.07067607210797178,
            "count": 499
        },
        "DriveCar.Losses.PolicyLoss.mean": {
            "value": 0.028779894174592258,
            "min": 0.028017817647589954,
            "max": 0.029962333972621425,
            "count": 12
        },
        "DriveCar.Losses.PolicyLoss.sum": {
            "value": 0.028779894174592258,
            "min": 0.028017817647589954,
            "max": 0.029962333972621425,
            "count": 12
        },
        "DriveCar.Losses.ValueLoss.mean": {
            "value": 0.0010747883806754722,
            "min": 0.000882401631610221,
            "max": 0.0012866665101438305,
            "count": 12
        },
        "DriveCar.Losses.ValueLoss.sum": {
            "value": 0.0010747883806754722,
            "min": 0.000882401631610221,
            "max": 0.0012866665101438305,
            "count": 12
        },
        "DriveCar.Policy.LearningRate.mean": {
            "value": 4.877858374080007e-06,
            "min": 4.877858374080007e-06,
            "max": 0.0002754048081984,
            "count": 12
        },
        "DriveCar.Policy.LearningRate.sum": {
            "value": 4.877858374080007e-06,
            "min": 4.877858374080007e-06,
            "max": 0.0002754048081984,
            "count": 12
        },
        "DriveCar.Policy.Epsilon.mean": {
            "value": 0.10162592000000004,
            "min": 0.10162592000000004,
            "max": 0.19180160000000004,
            "count": 12
        },
        "DriveCar.Policy.Epsilon.sum": {
            "value": 0.10162592000000004,
            "min": 0.10162592000000004,
            "max": 0.19180160000000004,
            "count": 12
        },
        "DriveCar.Policy.Beta.mean": {
            "value": 0.0005000000000000002,
            "min": 0.0005000000000000002,
            "max": 0.0005000000000000002,
            "count": 12
        },
        "DriveCar.Policy.Beta.sum": {
            "value": 0.0005000000000000002,
            "min": 0.0005000000000000002,
            "max": 0.0005000000000000002,
            "count": 12
        },
        "DriveCar.Policy.GAILPolicyEstimate.mean": {
            "value": 1.8713542137310298e-07,
            "min": 1.7182127667292303e-07,
            "max": 8.511034116986643e-07,
            "count": 12
        },
        "DriveCar.Policy.GAILPolicyEstimate.sum": {
            "value": 1.8713542137310298e-07,
            "min": 1.7182127667292303e-07,
            "max": 8.511034116986643e-07,
            "count": 12
        },
        "DriveCar.Policy.GAILExpertEstimate.mean": {
            "value": 0.9999998872767694,
            "min": 0.9999996420366456,
            "max": 0.9999999937748745,
            "count": 12
        },
        "DriveCar.Policy.GAILExpertEstimate.sum": {
            "value": 0.9999998872767694,
            "min": 0.9999996420366456,
            "max": 0.9999999937748745,
            "count": 12
        },
        "DriveCar.Losses.GAILLoss.mean": {
            "value": 1.1972854655879356e-07,
            "min": 5.715480502566751e-08,
            "max": 1.0229050598734693e-06,
            "count": 12
        },
        "DriveCar.Losses.GAILLoss.sum": {
            "value": 1.1972854655879356e-07,
            "min": 5.715480502566751e-08,
            "max": 1.0229050598734693e-06,
            "count": 12
        },
        "DriveCar.Policy.GAILGradMagLoss.mean": {
            "value": 7.312087775464671e-06,
            "min": 7.267154311871164e-06,
            "max": 1.8268167403962148e-05,
            "count": 12
        },
        "DriveCar.Policy.GAILGradMagLoss.sum": {
            "value": 7.312087775464671e-06,
            "min": 7.267154311871164e-06,
            "max": 1.8268167403962148e-05,
            "count": 12
        },
        "DriveCar.Losses.PretrainingLoss.mean": {
            "value": 0.34787194239787567,
            "min": 0.34787194239787567,
            "max": 0.3529862998387752,
            "count": 12
        },
        "DriveCar.Losses.PretrainingLoss.sum": {
            "value": 0.34787194239787567,
            "min": 0.34787194239787567,
            "max": 0.3529862998387752,
            "count": 12
        }
    },
    "metadata": {
        "timer_format_version": "0.1.0",
        "start_time_seconds": "1730569507",
        "python_version": "3.10.11 (tags/v3.10.11:7d4cc5a, Apr  5 2023, 00:38:17) [MSC v.1929 64 bit (AMD64)]",